<?xml version="1.0" encoding="UTF-8"?>
<GenRun Id="clk_vga_hdmi_1024x600_synth_1" LaunchPart="xc7a200tsbg484-1" LaunchTime="1588694275">
  <File Type="RDS-UTIL" Name="clk_vga_hdmi_1024x600_utilization_synth.rpt"/>
  <File Type="RDS-UTIL-PB" Name="clk_vga_hdmi_1024x600_utilization_synth.pb"/>
  <File Type="RDS-RDS" Name="clk_vga_hdmi_1024x600.vds"/>
  <File Type="RDS-DCP" Name="clk_vga_hdmi_1024x600.dcp"/>
  <File Type="PA-TCL" Name="clk_vga_hdmi_1024x600.tcl"/>
  <File Type="REPORTS-TCL" Name="clk_vga_hdmi_1024x600_reports.tcl"/>
  <FileSet Name="sources" Type="BlockSrcs" RelSrcDir="$PSRCDIR/clk_vga_hdmi_1024x600">
    <File Path="$PSRCDIR/sources_1/ip/clk_vga_hdmi_1024x600/clk_vga_hdmi_1024x600.xci">
      <FileInfo>
        <Attr Name="ImportPath" Val="$PPRDIR/../../../../LPSC_project/Mandelbrot/ips/hw/hdmi/src/ip_core/clk_vga_hdmi_1024x600.xci"/>
        <Attr Name="ImportTime" Val="1550147923"/>
        <Attr Name="UsedIn" Val="synthesis"/>
        <Attr Name="UsedIn" Val="implementation"/>
        <Attr Name="UsedIn" Val="simulation"/>
      </FileInfo>
    </File>
    <Config>
      <Option Name="TopModule" Val="clk_vga_hdmi_1024x600"/>
      <Option Name="UseBlackboxStub" Val="1"/>
    </Config>
  </FileSet>
  <FileSet Name="constrs_in" Type="BlockSrcs" RelSrcDir="$PSRCDIR/clk_vga_hdmi_1024x600">
    <File Path="$PSRCDIR/sources_1/ip/clk_vga_hdmi_1024x600/clk_vga_hdmi_1024x600.xci">
      <FileInfo>
        <Attr Name="ImportPath" Val="$PPRDIR/../../../../LPSC_project/Mandelbrot/ips/hw/hdmi/src/ip_core/clk_vga_hdmi_1024x600.xci"/>
        <Attr Name="ImportTime" Val="1550147923"/>
        <Attr Name="UsedIn" Val="synthesis"/>
        <Attr Name="UsedIn" Val="implementation"/>
        <Attr Name="UsedIn" Val="simulation"/>
      </FileInfo>
    </File>
    <Config>
      <Option Name="TopModule" Val="clk_vga_hdmi_1024x600"/>
      <Option Name="UseBlackboxStub" Val="1"/>
    </Config>
  </FileSet>
  <FileSet Name="utils" Type="Utils" RelSrcDir="$PSRCDIR/utils_1">
    <Filter Type="Utils"/>
    <Config>
      <Option Name="TopAutoSet" Val="TRUE"/>
    </Config>
  </FileSet>
  <Strategy Version="1" Minor="2">
    <StratHandle Name="Vivado Synthesis Defaults" Flow="Vivado Synthesis 2018"/>
    <Step Id="synth_design"/>
  </Strategy>
</GenRun>
