<?xml version="1.0" encoding="UTF-8"?>
<GenRun Id="impl_1" LaunchPart="xc7a200tsbg484-1" LaunchTime="1591447228">
  <File Type="PA-TCL" Name="mandelbrot_pinout.tcl"/>
  <File Type="ROUTE-BUS-SKEW-PB" Name="mandelbrot_pinout_bus_skew_routed.pb"/>
  <File Type="REPORTS-TCL" Name="mandelbrot_pinout_reports.tcl"/>
  <File Type="ROUTE-BUS-SKEW-RPX" Name="mandelbrot_pinout_bus_skew_routed.rpx"/>
  <File Type="OPT-DCP" Name="mandelbrot_pinout_opt.dcp"/>
  <File Type="OPT-DRC" Name="mandelbrot_pinout_drc_opted.rpt"/>
  <File Type="OPT-HWDEF" Name="mandelbrot_pinout.hwdef"/>
  <File Type="PWROPT-DCP" Name="mandelbrot_pinout_pwropt.dcp"/>
  <File Type="PLACE-DCP" Name="mandelbrot_pinout_placed.dcp"/>
  <File Type="PLACE-IO" Name="mandelbrot_pinout_io_placed.rpt"/>
  <File Type="PLACE-UTIL" Name="mandelbrot_pinout_utilization_placed.rpt"/>
  <File Type="PLACE-UTIL-PB" Name="mandelbrot_pinout_utilization_placed.pb"/>
  <File Type="PLACE-CTRL" Name="mandelbrot_pinout_control_sets_placed.rpt"/>
  <File Type="PLACE-PRE-SIMILARITY" Name="mandelbrot_pinout_incremental_reuse_pre_placed.rpt"/>
  <File Type="POSTPLACE-PWROPT-DCP" Name="mandelbrot_pinout_postplace_pwropt.dcp"/>
  <File Type="PHYSOPT-DCP" Name="mandelbrot_pinout_physopt.dcp"/>
  <File Type="ROUTE-ERROR-DCP" Name="mandelbrot_pinout_routed_error.dcp"/>
  <File Type="ROUTE-DCP" Name="mandelbrot_pinout_routed.dcp"/>
  <File Type="ROUTE-BLACKBOX-DCP" Name="mandelbrot_pinout_routed_bb.dcp"/>
  <File Type="ROUTE-DRC" Name="mandelbrot_pinout_drc_routed.rpt"/>
  <File Type="ROUTE-DRC-PB" Name="mandelbrot_pinout_drc_routed.pb"/>
  <File Type="ROUTE-DRC-RPX" Name="mandelbrot_pinout_drc_routed.rpx"/>
  <File Type="ROUTE-METHODOLOGY-DRC" Name="mandelbrot_pinout_methodology_drc_routed.rpt"/>
  <File Type="ROUTE-METHODOLOGY-DRC-RPX" Name="mandelbrot_pinout_methodology_drc_routed.rpx"/>
  <File Type="ROUTE-METHODOLOGY-DRC-PB" Name="mandelbrot_pinout_methodology_drc_routed.pb"/>
  <File Type="ROUTE-PWR" Name="mandelbrot_pinout_power_routed.rpt"/>
  <File Type="ROUTE-PWR-SUM" Name="mandelbrot_pinout_power_summary_routed.pb"/>
  <File Type="BG-BIN" Name="mandelbrot_pinout.bin"/>
  <File Type="ROUTE-TIMINGSUMMARY" Name="mandelbrot_pinout_timing_summary_routed.rpt"/>
  <File Type="BITSTR-MSK" Name="mandelbrot_pinout.msk"/>
  <File Type="CFI_FILE" Name="mandelbrot_pinout.cfi"/>
  <File Type="ROUTE-TIMING-PB" Name="mandelbrot_pinout_timing_summary_routed.pb"/>
  <File Type="BITSTR-RBT" Name="mandelbrot_pinout.rbt"/>
  <File Type="RNPI_FILE" Name="mandelbrot_pinout.rnpi"/>
  <File Type="ROUTE-TIMING-RPX" Name="mandelbrot_pinout_timing_summary_routed.rpx"/>
  <File Type="BITSTR-NKY" Name="mandelbrot_pinout.nky"/>
  <File Type="BITSTR-BMM" Name="mandelbrot_pinout_bd.bmm"/>
  <File Type="ROUTE-CLK" Name="mandelbrot_pinout_clock_utilization_routed.rpt"/>
  <File Type="BITSTR-MMI" Name="mandelbrot_pinout.mmi"/>
  <File Type="ROUTE-BUS-SKEW" Name="mandelbrot_pinout_bus_skew_routed.rpt"/>
  <File Type="PDI-FILE" Name="mandelbrot_pinout.pdi"/>
  <File Type="RBD_FILE" Name="mandelbrot_pinout.rbd"/>
  <File Type="BG-BGN" Name="mandelbrot_pinout.bgn"/>
  <File Type="BITSTR-SYSDEF" Name="mandelbrot_pinout.sysdef"/>
  <File Type="WBT-USG" Name="usage_statistics_webtalk.html"/>
  <File Type="BITSTR-LTX" Name="mandelbrot_pinout.ltx"/>
  <File Type="NPI_FILE" Name="mandelbrot_pinout.npi"/>
  <File Type="BG-DRC" Name="mandelbrot_pinout.drc"/>
  <File Type="RCFI_FILE" Name="mandelbrot_pinout.rcfi"/>
  <File Type="BG-BIT" Name="mandelbrot_pinout.bit"/>
  <File Type="ROUTE-STATUS-PB" Name="mandelbrot_pinout_route_status.pb"/>
  <File Type="RDI-RDI" Name="mandelbrot_pinout.vdi"/>
  <File Type="POSTROUTE-PHYSOPT-BLACKBOX-DCP" Name="mandelbrot_pinout_postroute_physopt_bb.dcp"/>
  <File Type="POSTROUTE-PHYSOPT-DCP" Name="mandelbrot_pinout_postroute_physopt.dcp"/>
  <File Type="ROUTE-STATUS" Name="mandelbrot_pinout_route_status.rpt"/>
  <File Type="ROUTE-PWR-RPX" Name="mandelbrot_pinout_power_routed.rpx"/>
  <FileSet Name="sources" Type="DesignSrcs" RelSrcDir="$PSRCDIR/sources_1">
    <Filter Type="Srcs"/>
    <File Path="$PSRCDIR/sources_1/ip/clk_mandelbrot/clk_mandelbrot.xci">
      <FileInfo>
        <Attr Name="ImportPath" Val="$PPRDIR/../../../../LPSC_project/Mandelbrot/designs/hw/mandelbrot_pinout/src/ip_core/clk_mandelbrot.xci"/>
        <Attr Name="ImportTime" Val="1550147920"/>
        <Attr Name="UsedIn" Val="synthesis"/>
        <Attr Name="UsedIn" Val="implementation"/>
        <Attr Name="UsedIn" Val="simulation"/>
      </FileInfo>
    </File>
    <File Path="$PSRCDIR/sources_1/imports/Mandelbrot/designs/hw/mandelbrot_pinout/src/hdl/ComplexValueGenerator.vhd">
      <FileInfo>
        <Attr Name="ImportPath" Val="$PPRDIR/../../../../LPSC_project/Mandelbrot/designs/hw/mandelbrot_pinout/src/hdl/ComplexValueGenerator.vhd"/>
        <Attr Name="ImportTime" Val="1591025060"/>
        <Attr Name="UsedIn" Val="synthesis"/>
        <Attr Name="UsedIn" Val="simulation"/>
      </FileInfo>
    </File>
    <File Path="$PSRCDIR/sources_1/imports/Mandelbrot/designs/hw/mandelbrot_pinout/src/hdl/compute_mandleBrot.vhd">
      <FileInfo>
        <Attr Name="ImportPath" Val="$PPRDIR/../../../../LPSC_project/Mandelbrot/designs/hw/mandelbrot_pinout/src/hdl/compute_mandleBrot.vhd"/>
        <Attr Name="ImportTime" Val="1588693241"/>
        <Attr Name="UsedIn" Val="synthesis"/>
        <Attr Name="UsedIn" Val="simulation"/>
      </FileInfo>
    </File>
    <File Path="$PSRCDIR/sources_1/imports/Mandelbrot/ips/hw/hdmi/src/hdl_pkg/hdmi_interface_pkg.vhd">
      <FileInfo>
        <Attr Name="ImportPath" Val="$PPRDIR/../../../../LPSC_project/Mandelbrot/ips/hw/hdmi/src/hdl_pkg/hdmi_interface_pkg.vhd"/>
        <Attr Name="ImportTime" Val="1550152035"/>
        <Attr Name="UsedIn" Val="synthesis"/>
        <Attr Name="UsedIn" Val="simulation"/>
      </FileInfo>
    </File>
    <File Path="$PSRCDIR/sources_1/imports/Mandelbrot/ips/hw/hdmi/src/hdl/vga_stripes.vhd">
      <FileInfo SFType="VHDL2008">
        <Attr Name="ImportPath" Val="$PPRDIR/../../../../LPSC_project/Mandelbrot/ips/hw/hdmi/src/hdl/vga_stripes.vhd"/>
        <Attr Name="ImportTime" Val="1550234308"/>
        <Attr Name="UsedIn" Val="synthesis"/>
        <Attr Name="UsedIn" Val="simulation"/>
      </FileInfo>
    </File>
    <File Path="$PSRCDIR/sources_1/imports/Mandelbrot/ips/hw/hdmi/src/hdl/vga_controler.vhd">
      <FileInfo SFType="VHDL2008">
        <Attr Name="ImportPath" Val="$PPRDIR/../../../../LPSC_project/Mandelbrot/ips/hw/hdmi/src/hdl/vga_controler.vhd"/>
        <Attr Name="ImportTime" Val="1550151077"/>
        <Attr Name="UsedIn" Val="synthesis"/>
        <Attr Name="UsedIn" Val="simulation"/>
      </FileInfo>
    </File>
    <File Path="$PSRCDIR/sources_1/imports/Mandelbrot/ips/hw/hdmi/src/hdl/vga.vhd">
      <FileInfo SFType="VHDL2008">
        <Attr Name="ImportPath" Val="$PPRDIR/../../../../LPSC_project/Mandelbrot/ips/hw/hdmi/src/hdl/vga.vhd"/>
        <Attr Name="ImportTime" Val="1550152097"/>
        <Attr Name="UsedIn" Val="synthesis"/>
        <Attr Name="UsedIn" Val="simulation"/>
      </FileInfo>
    </File>
    <File Path="$PSRCDIR/sources_1/imports/Mandelbrot/ips/hw/hdmi/src/hdl/tmds_encoder.vhd">
      <FileInfo SFType="VHDL2008">
        <Attr Name="ImportPath" Val="$PPRDIR/../../../../LPSC_project/Mandelbrot/ips/hw/hdmi/src/hdl/tmds_encoder.vhd"/>
        <Attr Name="ImportTime" Val="1550234273"/>
        <Attr Name="UsedIn" Val="synthesis"/>
        <Attr Name="UsedIn" Val="simulation"/>
      </FileInfo>
    </File>
    <File Path="$PSRCDIR/sources_1/imports/Mandelbrot/ips/hw/hdmi/src/hdl/serializer_10_to_1.vhd">
      <FileInfo SFType="VHDL2008">
        <Attr Name="ImportPath" Val="$PPRDIR/../../../../LPSC_project/Mandelbrot/ips/hw/hdmi/src/hdl/serializer_10_to_1.vhd"/>
        <Attr Name="ImportTime" Val="1550150852"/>
        <Attr Name="UsedIn" Val="synthesis"/>
        <Attr Name="UsedIn" Val="simulation"/>
      </FileInfo>
    </File>
    <File Path="$PSRCDIR/sources_1/imports/Mandelbrot/ips/hw/hdmi/src/hdl/vga_to_hdmi.vhd">
      <FileInfo SFType="VHDL2008">
        <Attr Name="ImportPath" Val="$PPRDIR/../../../../LPSC_project/Mandelbrot/ips/hw/hdmi/src/hdl/vga_to_hdmi.vhd"/>
        <Attr Name="ImportTime" Val="1550150876"/>
        <Attr Name="UsedIn" Val="synthesis"/>
        <Attr Name="UsedIn" Val="simulation"/>
      </FileInfo>
    </File>
    <File Path="$PSRCDIR/sources_1/imports/Mandelbrot/ips/hw/hdmi/src/hdl/hdmi.vhd">
      <FileInfo SFType="VHDL2008">
        <Attr Name="ImportPath" Val="$PPRDIR/../../../../LPSC_project/Mandelbrot/ips/hw/hdmi/src/hdl/hdmi.vhd"/>
        <Attr Name="ImportTime" Val="1550233647"/>
        <Attr Name="UsedIn" Val="synthesis"/>
        <Attr Name="UsedIn" Val="simulation"/>
      </FileInfo>
    </File>
    <File Path="$PSRCDIR/sources_1/imports/Mandelbrot/designs/hw/mandelbrot_pinout/src/hdl/mandelbrot_pinout.vhd">
      <FileInfo SFType="VHDL2008">
        <Attr Name="ImportPath" Val="$PPRDIR/../../../../LPSC_project/Mandelbrot/designs/hw/mandelbrot_pinout/src/hdl/mandelbrot_pinout.vhd"/>
        <Attr Name="ImportTime" Val="1591444282"/>
        <Attr Name="UsedIn" Val="synthesis"/>
        <Attr Name="UsedIn" Val="simulation"/>
      </FileInfo>
    </File>
    <File Path="$PSRCDIR/sources_1/imports/Mandelbrot/ips/hw/image_generator/src/hdl/image_generator.vhd">
      <FileInfo SFType="VHDL2008">
        <Attr Name="AutoDisabled" Val="1"/>
        <Attr Name="ImportPath" Val="$PPRDIR/../../../../LPSC_project/Mandelbrot/ips/hw/image_generator/src/hdl/image_generator.vhd"/>
        <Attr Name="ImportTime" Val="1550241623"/>
        <Attr Name="UsedIn" Val="synthesis"/>
        <Attr Name="UsedIn" Val="simulation"/>
      </FileInfo>
    </File>
    <File Path="$PSRCDIR/sources_1/bd/ublaze_sopc/ublaze_sopc.bd">
      <FileInfo>
        <Attr Name="UserDisabled" Val="1"/>
        <Attr Name="ImportPath" Val="$PPRDIR/../../../../LPSC_project/Mandelbrot/ips/vivado/ublaze/2018.2/ublaze.srcs/sources_1/bd/ublaze_sopc/ublaze_sopc.bd"/>
        <Attr Name="ImportTime" Val="1551080658"/>
        <Attr Name="UsedIn" Val="synthesis"/>
        <Attr Name="UsedIn" Val="implementation"/>
        <Attr Name="UsedIn" Val="simulation"/>
      </FileInfo>
    </File>
    <File Path="$PSRCDIR/sources_1/imports/Mandelbrot/ips/hw/ublaze/src/hdl/ublaze_core.vhd">
      <FileInfo SFType="VHDL2008">
        <Attr Name="UserDisabled" Val="1"/>
        <Attr Name="ImportPath" Val="$PPRDIR/../../../../LPSC_project/Mandelbrot/ips/hw/ublaze/src/hdl/ublaze_core.vhd"/>
        <Attr Name="ImportTime" Val="1550227047"/>
        <Attr Name="UsedIn" Val="synthesis"/>
        <Attr Name="UsedIn" Val="simulation"/>
      </FileInfo>
    </File>
    <File Path="$PSRCDIR/sources_1/imports/Mandelbrot/ips/hw/cdc_sync/src/hdl/cdc_sync.vhd">
      <FileInfo SFType="VHDL2008">
        <Attr Name="UserDisabled" Val="1"/>
        <Attr Name="ImportPath" Val="$PPRDIR/../../../../LPSC_project/Mandelbrot/ips/hw/cdc_sync/src/hdl/cdc_sync.vhd"/>
        <Attr Name="ImportTime" Val="1550486706"/>
        <Attr Name="UsedIn" Val="synthesis"/>
        <Attr Name="UsedIn" Val="simulation"/>
      </FileInfo>
    </File>
    <File Path="$PSRCDIR/sources_1/imports/Mandelbrot/ips/hw/fifo_ramb36e1/src/hdl/parity_generator.vhd">
      <FileInfo SFType="VHDL2008">
        <Attr Name="UserDisabled" Val="1"/>
        <Attr Name="ImportPath" Val="$PPRDIR/../../../../LPSC_project/Mandelbrot/ips/hw/fifo_ramb36e1/src/hdl/parity_generator.vhd"/>
        <Attr Name="ImportTime" Val="1550146716"/>
        <Attr Name="UsedIn" Val="synthesis"/>
        <Attr Name="UsedIn" Val="simulation"/>
      </FileInfo>
    </File>
    <File Path="$PSRCDIR/sources_1/imports/Mandelbrot/ips/hw/fifo_ramb36e1/src/hdl/fifo_ramb36e1.vhd">
      <FileInfo SFType="VHDL2008">
        <Attr Name="UserDisabled" Val="1"/>
        <Attr Name="ImportPath" Val="$PPRDIR/../../../../LPSC_project/Mandelbrot/ips/hw/fifo_ramb36e1/src/hdl/fifo_ramb36e1.vhd"/>
        <Attr Name="ImportTime" Val="1550242931"/>
        <Attr Name="UsedIn" Val="synthesis"/>
        <Attr Name="UsedIn" Val="simulation"/>
      </FileInfo>
    </File>
    <File Path="$PSRCDIR/sources_1/imports/Mandelbrot/designs/hw/mandelbrot_pinout/src/hdl/c_gen.vhd">
      <FileInfo>
        <Attr Name="UserDisabled" Val="1"/>
        <Attr Name="ImportPath" Val="$PPRDIR/../../../../LPSC_project/Mandelbrot/designs/hw/mandelbrot_pinout/src/hdl/c_gen.vhd"/>
        <Attr Name="ImportTime" Val="1525690411"/>
        <Attr Name="UsedIn" Val="synthesis"/>
        <Attr Name="UsedIn" Val="simulation"/>
      </FileInfo>
    </File>
    <File Path="$PSRCDIR/sources_1/ip/clk_mandelbrot.xcix">
      <FileInfo>
        <Attr Name="ImportPath" Val="$PPRDIR/../../../../LPSC_project/Mandelbrot/designs/vivado/mandelbrot_pinout/2018.2/mandelbrot_pinout.srcs/sources_1/ip/clk_mandelbrot.xcix"/>
        <Attr Name="ImportTime" Val="1591447197"/>
        <Attr Name="UsedIn" Val="synthesis"/>
        <Attr Name="UsedIn" Val="implementation"/>
        <Attr Name="UsedIn" Val="simulation"/>
      </FileInfo>
    </File>
    <Config>
      <Option Name="DesignMode" Val="RTL"/>
      <Option Name="TopModule" Val="mandelbrot_pinout"/>
    </Config>
  </FileSet>
  <FileSet Name="constrs_in" Type="Constrs" RelSrcDir="$PSRCDIR/constrs_1">
    <Filter Type="Constrs"/>
    <File Path="$PSRCDIR/constrs_1/imports/constrs/mandelbrot_pinout.xdc">
      <FileInfo>
        <Attr Name="ImportPath" Val="$PPRDIR/../../../../LPSC_project/Mandelbrot/designs/hw/mandelbrot_pinout/src/constrs/mandelbrot_pinout.xdc"/>
        <Attr Name="ImportTime" Val="1551085074"/>
        <Attr Name="UsedIn" Val="synthesis"/>
        <Attr Name="UsedIn" Val="implementation"/>
      </FileInfo>
    </File>
    <Config>
      <Option Name="TargetConstrsFile" Val="$PSRCDIR/constrs_1/imports/constrs/mandelbrot_pinout.xdc"/>
      <Option Name="ConstrsType" Val="XDC"/>
    </Config>
  </FileSet>
  <FileSet Name="utils" Type="Utils" RelSrcDir="$PSRCDIR/utils_1">
    <Filter Type="Utils"/>
    <Config>
      <Option Name="TopAutoSet" Val="TRUE"/>
    </Config>
  </FileSet>
  <Strategy Version="1" Minor="2">
    <StratHandle Name="Vivado Implementation Defaults" Flow="Vivado Implementation 2018"/>
    <Step Id="init_design"/>
    <Step Id="opt_design"/>
    <Step Id="power_opt_design"/>
    <Step Id="place_design"/>
    <Step Id="post_place_power_opt_design"/>
    <Step Id="phys_opt_design"/>
    <Step Id="route_design"/>
    <Step Id="post_route_phys_opt_design"/>
    <Step Id="write_bitstream"/>
    <Step Id="write_device_image"/>
  </Strategy>
  <BlockFileSet Type="BlockSrcs" Name="clk_vga_hdmi_1024x768"/>
  <BlockFileSet Type="BlockSrcs" Name="clk_vga_hdmi_1024x600"/>
  <BlockFileSet Type="BlockSrcs" Name="clk_vga_hdmi_640x480"/>
  <BlockFileSet Type="BlockSrcs" Name="bram_video_memory_wauto_dauto_rdclk1_wrclk1"/>
  <BlockFileSet Type="BlockSrcs" Name="mathDSP"/>
  <BlockFileSet Type="BlockSrcs" Name="clk_vga_hdmi_800x600"/>
</GenRun>
