<?xml version="1.0" encoding="UTF-8"?>
<GenRun Id="mathDSP_synth_1" LaunchPart="xc7a200tsbg484-1" LaunchTime="1589460624">
  <File Type="RDS-UTIL-PB" Name="mathDSP_utilization_synth.pb"/>
  <File Type="RDS-UTIL" Name="mathDSP_utilization_synth.rpt"/>
  <File Type="RDS-RDS" Name="mathDSP.vds"/>
  <File Type="RDS-DCP" Name="mathDSP.dcp"/>
  <File Type="PA-TCL" Name="mathDSP.tcl"/>
  <File Type="REPORTS-TCL" Name="mathDSP_reports.tcl"/>
  <FileSet Name="sources" Type="BlockSrcs" RelSrcDir="$PSRCDIR/mathDSP">
    <File Path="$PSRCDIR/sources_1/ip/mathDSP/mathDSP.xci">
      <FileInfo>
        <Attr Name="ImportPath" Val="$PPRDIR/../../../../LPSC_project/Mandelbrot/designs/vivado/mandelbrot_pinout/2018.2/mandelbrot_pinout.srcs/sources_1/ip/mathDSP/mathDSP.xci"/>
        <Attr Name="ImportTime" Val="1591449812"/>
        <Attr Name="UsedIn" Val="synthesis"/>
        <Attr Name="UsedIn" Val="implementation"/>
        <Attr Name="UsedIn" Val="simulation"/>
      </FileInfo>
    </File>
    <File Path="$PSRCDIR/sources_1/ip/mathDSP.xcix">
      <FileInfo>
        <Attr Name="ImportPath" Val="$PPRDIR/../../../../LPSC_project/Mandelbrot/designs/vivado/mandelbrot_pinout/2018.2/mandelbrot_pinout.srcs/sources_1/ip/mathDSP.xcix"/>
        <Attr Name="ImportTime" Val="1589460769"/>
        <Attr Name="UsedIn" Val="synthesis"/>
        <Attr Name="UsedIn" Val="implementation"/>
        <Attr Name="UsedIn" Val="simulation"/>
      </FileInfo>
    </File>
    <Config>
      <Option Name="TopModule" Val="mathDSP"/>
      <Option Name="UseBlackboxStub" Val="1"/>
    </Config>
  </FileSet>
  <FileSet Name="constrs_in" Type="BlockSrcs" RelSrcDir="$PSRCDIR/mathDSP">
    <File Path="$PSRCDIR/sources_1/ip/mathDSP/mathDSP.xci">
      <FileInfo>
        <Attr Name="ImportPath" Val="$PPRDIR/../../../../LPSC_project/Mandelbrot/designs/vivado/mandelbrot_pinout/2018.2/mandelbrot_pinout.srcs/sources_1/ip/mathDSP/mathDSP.xci"/>
        <Attr Name="ImportTime" Val="1591449812"/>
        <Attr Name="UsedIn" Val="synthesis"/>
        <Attr Name="UsedIn" Val="implementation"/>
        <Attr Name="UsedIn" Val="simulation"/>
      </FileInfo>
    </File>
    <File Path="$PSRCDIR/sources_1/ip/mathDSP.xcix">
      <FileInfo>
        <Attr Name="ImportPath" Val="$PPRDIR/../../../../LPSC_project/Mandelbrot/designs/vivado/mandelbrot_pinout/2018.2/mandelbrot_pinout.srcs/sources_1/ip/mathDSP.xcix"/>
        <Attr Name="ImportTime" Val="1589460769"/>
        <Attr Name="UsedIn" Val="synthesis"/>
        <Attr Name="UsedIn" Val="implementation"/>
        <Attr Name="UsedIn" Val="simulation"/>
      </FileInfo>
    </File>
    <Config>
      <Option Name="TopModule" Val="mathDSP"/>
      <Option Name="UseBlackboxStub" Val="1"/>
    </Config>
  </FileSet>
  <FileSet Name="utils" Type="Utils" RelSrcDir="$PSRCDIR/utils_1">
    <Filter Type="Utils"/>
    <Config>
      <Option Name="TopAutoSet" Val="TRUE"/>
    </Config>
  </FileSet>
  <Strategy Version="1" Minor="2">
    <StratHandle Name="Vivado Synthesis Defaults" Flow="Vivado Synthesis 2019"/>
    <Step Id="synth_design"/>
  </Strategy>
</GenRun>
