<?xml version="1.0" encoding="UTF-8"?>
<GenRun Id="synth_1" LaunchPart="xc7a200tsbg484-1" LaunchTime="1591447228">
  <File Type="PA-TCL" Name="mandelbrot_pinout.tcl"/>
  <File Type="REPORTS-TCL" Name="mandelbrot_pinout_reports.tcl"/>
  <File Type="RDS-RDS" Name="mandelbrot_pinout.vds"/>
  <File Type="RDS-DCP" Name="mandelbrot_pinout.dcp"/>
  <File Type="RDS-UTIL-PB" Name="mandelbrot_pinout_utilization_synth.pb"/>
  <File Type="RDS-UTIL" Name="mandelbrot_pinout_utilization_synth.rpt"/>
  <FileSet Name="sources" Type="DesignSrcs" RelSrcDir="$PSRCDIR/sources_1">
    <Filter Type="Srcs"/>
    <File Path="$PSRCDIR/sources_1/ip/clk_mandelbrot/clk_mandelbrot.xci">
      <FileInfo>
        <Attr Name="ImportPath" Val="$PPRDIR/../../../../LPSC_project/Mandelbrot/designs/hw/mandelbrot_pinout/src/ip_core/clk_mandelbrot.xci"/>
        <Attr Name="ImportTime" Val="1550147920"/>
        <Attr Name="UsedIn" Val="synthesis"/>
        <Attr Name="UsedIn" Val="implementation"/>
        <Attr Name="UsedIn" Val="simulation"/>
      </FileInfo>
    </File>
    <File Path="$PSRCDIR/sources_1/imports/Mandelbrot/designs/hw/mandelbrot_pinout/src/hdl/ComplexValueGenerator.vhd">
      <FileInfo>
        <Attr Name="ImportPath" Val="$PPRDIR/../../../../LPSC_project/Mandelbrot/designs/hw/mandelbrot_pinout/src/hdl/ComplexValueGenerator.vhd"/>
        <Attr Name="ImportTime" Val="1591025060"/>
        <Attr Name="UsedIn" Val="synthesis"/>
        <Attr Name="UsedIn" Val="simulation"/>
      </FileInfo>
    </File>
    <File Path="$PSRCDIR/sources_1/imports/Mandelbrot/designs/hw/mandelbrot_pinout/src/hdl/compute_mandleBrot.vhd">
      <FileInfo>
        <Attr Name="ImportPath" Val="$PPRDIR/../../../../LPSC_project/Mandelbrot/designs/hw/mandelbrot_pinout/src/hdl/compute_mandleBrot.vhd"/>
        <Attr Name="ImportTime" Val="1588693241"/>
        <Attr Name="UsedIn" Val="synthesis"/>
        <Attr Name="UsedIn" Val="simulation"/>
      </FileInfo>
    </File>
    <File Path="$PSRCDIR/sources_1/imports/Mandelbrot/ips/hw/hdmi/src/hdl_pkg/hdmi_interface_pkg.vhd">
      <FileInfo>
        <Attr Name="ImportPath" Val="$PPRDIR/../../../../LPSC_project/Mandelbrot/ips/hw/hdmi/src/hdl_pkg/hdmi_interface_pkg.vhd"/>
        <Attr Name="ImportTime" Val="1550152035"/>
        <Attr Name="UsedIn" Val="synthesis"/>
        <Attr Name="UsedIn" Val="simulation"/>
      </FileInfo>
    </File>
    <File Path="$PSRCDIR/sources_1/imports/Mandelbrot/ips/hw/hdmi/src/hdl/vga_stripes.vhd">
      <FileInfo SFType="VHDL2008">
        <Attr Name="ImportPath" Val="$PPRDIR/../../../../LPSC_project/Mandelbrot/ips/hw/hdmi/src/hdl/vga_stripes.vhd"/>
        <Attr Name="ImportTime" Val="1550234308"/>
        <Attr Name="UsedIn" Val="synthesis"/>
        <Attr Name="UsedIn" Val="simulation"/>
      </FileInfo>
    </File>
    <File Path="$PSRCDIR/sources_1/imports/Mandelbrot/ips/hw/hdmi/src/hdl/vga_controler.vhd">
      <FileInfo SFType="VHDL2008">
        <Attr Name="ImportPath" Val="$PPRDIR/../../../../LPSC_project/Mandelbrot/ips/hw/hdmi/src/hdl/vga_controler.vhd"/>
        <Attr Name="ImportTime" Val="1550151077"/>
        <Attr Name="UsedIn" Val="synthesis"/>
        <Attr Name="UsedIn" Val="simulation"/>
      </FileInfo>
    </File>
    <File Path="$PSRCDIR/sources_1/imports/Mandelbrot/ips/hw/hdmi/src/hdl/vga.vhd">
      <FileInfo SFType="VHDL2008">
        <Attr Name="ImportPath" Val="$PPRDIR/../../../../LPSC_project/Mandelbrot/ips/hw/hdmi/src/hdl/vga.vhd"/>
        <Attr Name="ImportTime" Val="1550152097"/>
        <Attr Name="UsedIn" Val="synthesis"/>
        <Attr Name="UsedIn" Val="simulation"/>
      </FileInfo>
    </File>
    <File Path="$PSRCDIR/sources_1/imports/Mandelbrot/ips/hw/hdmi/src/hdl/tmds_encoder.vhd">
      <FileInfo SFType="VHDL2008">
        <Attr Name="ImportPath" Val="$PPRDIR/../../../../LPSC_project/Mandelbrot/ips/hw/hdmi/src/hdl/tmds_encoder.vhd"/>
        <Attr Name="ImportTime" Val="1550234273"/>
        <Attr Name="UsedIn" Val="synthesis"/>
        <Attr Name="UsedIn" Val="simulation"/>
      </FileInfo>
    </File>
    <File Path="$PSRCDIR/sources_1/imports/Mandelbrot/ips/hw/hdmi/src/hdl/serializer_10_to_1.vhd">
      <FileInfo SFType="VHDL2008">
        <Attr Name="ImportPath" Val="$PPRDIR/../../../../LPSC_project/Mandelbrot/ips/hw/hdmi/src/hdl/serializer_10_to_1.vhd"/>
        <Attr Name="ImportTime" Val="1550150852"/>
        <Attr Name="UsedIn" Val="synthesis"/>
        <Attr Name="UsedIn" Val="simulation"/>
      </FileInfo>
    </File>
    <File Path="$PSRCDIR/sources_1/imports/Mandelbrot/ips/hw/hdmi/src/hdl/vga_to_hdmi.vhd">
      <FileInfo SFType="VHDL2008">
        <Attr Name="ImportPath" Val="$PPRDIR/../../../../LPSC_project/Mandelbrot/ips/hw/hdmi/src/hdl/vga_to_hdmi.vhd"/>
        <Attr Name="ImportTime" Val="1550150876"/>
        <Attr Name="UsedIn" Val="synthesis"/>
        <Attr Name="UsedIn" Val="simulation"/>
      </FileInfo>
    </File>
    <File Path="$PSRCDIR/sources_1/imports/Mandelbrot/ips/hw/hdmi/src/hdl/hdmi.vhd">
      <FileInfo SFType="VHDL2008">
        <Attr Name="ImportPath" Val="$PPRDIR/../../../../LPSC_project/Mandelbrot/ips/hw/hdmi/src/hdl/hdmi.vhd"/>
        <Attr Name="ImportTime" Val="1550233647"/>
        <Attr Name="UsedIn" Val="synthesis"/>
        <Attr Name="UsedIn" Val="simulation"/>
      </FileInfo>
    </File>
    <File Path="$PSRCDIR/sources_1/imports/Mandelbrot/designs/hw/mandelbrot_pinout/src/hdl/mandelbrot_pinout.vhd">
      <FileInfo SFType="VHDL2008">
        <Attr Name="ImportPath" Val="$PPRDIR/../../../../LPSC_project/Mandelbrot/designs/hw/mandelbrot_pinout/src/hdl/mandelbrot_pinout.vhd"/>
        <Attr Name="ImportTime" Val="1591444282"/>
        <Attr Name="UsedIn" Val="synthesis"/>
        <Attr Name="UsedIn" Val="simulation"/>
      </FileInfo>
    </File>
    <File Path="$PSRCDIR/sources_1/imports/Mandelbrot/ips/hw/image_generator/src/hdl/image_generator.vhd">
      <FileInfo SFType="VHDL2008">
        <Attr Name="AutoDisabled" Val="1"/>
        <Attr Name="ImportPath" Val="$PPRDIR/../../../../LPSC_project/Mandelbrot/ips/hw/image_generator/src/hdl/image_generator.vhd"/>
        <Attr Name="ImportTime" Val="1550241623"/>
        <Attr Name="UsedIn" Val="synthesis"/>
        <Attr Name="UsedIn" Val="simulation"/>
      </FileInfo>
    </File>
    <File Path="$PSRCDIR/sources_1/bd/ublaze_sopc/ublaze_sopc.bd">
      <FileInfo>
        <Attr Name="UserDisabled" Val="1"/>
        <Attr Name="ImportPath" Val="$PPRDIR/../../../../LPSC_project/Mandelbrot/ips/vivado/ublaze/2018.2/ublaze.srcs/sources_1/bd/ublaze_sopc/ublaze_sopc.bd"/>
        <Attr Name="ImportTime" Val="1551080658"/>
        <Attr Name="UsedIn" Val="synthesis"/>
        <Attr Name="UsedIn" Val="implementation"/>
        <Attr Name="UsedIn" Val="simulation"/>
      </FileInfo>
    </File>
    <File Path="$PSRCDIR/sources_1/imports/Mandelbrot/ips/hw/ublaze/src/hdl/ublaze_core.vhd">
      <FileInfo SFType="VHDL2008">
        <Attr Name="UserDisabled" Val="1"/>
        <Attr Name="ImportPath" Val="$PPRDIR/../../../../LPSC_project/Mandelbrot/ips/hw/ublaze/src/hdl/ublaze_core.vhd"/>
        <Attr Name="ImportTime" Val="1550227047"/>
        <Attr Name="UsedIn" Val="synthesis"/>
        <Attr Name="UsedIn" Val="simulation"/>
      </FileInfo>
    </File>
    <File Path="$PSRCDIR/sources_1/imports/Mandelbrot/ips/hw/cdc_sync/src/hdl/cdc_sync.vhd">
      <FileInfo SFType="VHDL2008">
        <Attr Name="UserDisabled" Val="1"/>
        <Attr Name="ImportPath" Val="$PPRDIR/../../../../LPSC_project/Mandelbrot/ips/hw/cdc_sync/src/hdl/cdc_sync.vhd"/>
        <Attr Name="ImportTime" Val="1550486706"/>
        <Attr Name="UsedIn" Val="synthesis"/>
        <Attr Name="UsedIn" Val="simulation"/>
      </FileInfo>
    </File>
    <File Path="$PSRCDIR/sources_1/imports/Mandelbrot/ips/hw/fifo_ramb36e1/src/hdl/parity_generator.vhd">
      <FileInfo SFType="VHDL2008">
        <Attr Name="UserDisabled" Val="1"/>
        <Attr Name="ImportPath" Val="$PPRDIR/../../../../LPSC_project/Mandelbrot/ips/hw/fifo_ramb36e1/src/hdl/parity_generator.vhd"/>
        <Attr Name="ImportTime" Val="1550146716"/>
        <Attr Name="UsedIn" Val="synthesis"/>
        <Attr Name="UsedIn" Val="simulation"/>
      </FileInfo>
    </File>
    <File Path="$PSRCDIR/sources_1/imports/Mandelbrot/ips/hw/fifo_ramb36e1/src/hdl/fifo_ramb36e1.vhd">
      <FileInfo SFType="VHDL2008">
        <Attr Name="UserDisabled" Val="1"/>
        <Attr Name="ImportPath" Val="$PPRDIR/../../../../LPSC_project/Mandelbrot/ips/hw/fifo_ramb36e1/src/hdl/fifo_ramb36e1.vhd"/>
        <Attr Name="ImportTime" Val="1550242931"/>
        <Attr Name="UsedIn" Val="synthesis"/>
        <Attr Name="UsedIn" Val="simulation"/>
      </FileInfo>
    </File>
    <File Path="$PSRCDIR/sources_1/imports/Mandelbrot/designs/hw/mandelbrot_pinout/src/hdl/c_gen.vhd">
      <FileInfo>
        <Attr Name="UserDisabled" Val="1"/>
        <Attr Name="ImportPath" Val="$PPRDIR/../../../../LPSC_project/Mandelbrot/designs/hw/mandelbrot_pinout/src/hdl/c_gen.vhd"/>
        <Attr Name="ImportTime" Val="1525690411"/>
        <Attr Name="UsedIn" Val="synthesis"/>
        <Attr Name="UsedIn" Val="simulation"/>
      </FileInfo>
    </File>
    <File Path="$PSRCDIR/sources_1/ip/clk_mandelbrot.xcix">
      <FileInfo>
        <Attr Name="ImportPath" Val="$PPRDIR/../../../../LPSC_project/Mandelbrot/designs/vivado/mandelbrot_pinout/2018.2/mandelbrot_pinout.srcs/sources_1/ip/clk_mandelbrot.xcix"/>
        <Attr Name="ImportTime" Val="1591447197"/>
        <Attr Name="UsedIn" Val="synthesis"/>
        <Attr Name="UsedIn" Val="implementation"/>
        <Attr Name="UsedIn" Val="simulation"/>
      </FileInfo>
    </File>
    <Config>
      <Option Name="DesignMode" Val="RTL"/>
      <Option Name="TopModule" Val="mandelbrot_pinout"/>
    </Config>
  </FileSet>
  <FileSet Name="constrs_in" Type="Constrs" RelSrcDir="$PSRCDIR/constrs_1">
    <Filter Type="Constrs"/>
    <File Path="$PSRCDIR/constrs_1/imports/constrs/mandelbrot_pinout.xdc">
      <FileInfo>
        <Attr Name="ImportPath" Val="$PPRDIR/../../../../LPSC_project/Mandelbrot/designs/hw/mandelbrot_pinout/src/constrs/mandelbrot_pinout.xdc"/>
        <Attr Name="ImportTime" Val="1551085074"/>
        <Attr Name="UsedIn" Val="synthesis"/>
        <Attr Name="UsedIn" Val="implementation"/>
      </FileInfo>
    </File>
    <Config>
      <Option Name="TargetConstrsFile" Val="$PSRCDIR/constrs_1/imports/constrs/mandelbrot_pinout.xdc"/>
      <Option Name="ConstrsType" Val="XDC"/>
    </Config>
  </FileSet>
  <FileSet Name="utils" Type="Utils" RelSrcDir="$PSRCDIR/utils_1">
    <Filter Type="Utils"/>
    <Config>
      <Option Name="TopAutoSet" Val="TRUE"/>
    </Config>
  </FileSet>
  <Strategy Version="1" Minor="2">
    <StratHandle Name="Vivado Synthesis Defaults" Flow="Vivado Synthesis 2018"/>
    <Step Id="synth_design"/>
  </Strategy>
  <BlockFileSet Type="BlockSrcs" Name="clk_vga_hdmi_1024x768"/>
  <BlockFileSet Type="BlockSrcs" Name="clk_vga_hdmi_1024x600"/>
  <BlockFileSet Type="BlockSrcs" Name="clk_vga_hdmi_640x480"/>
  <BlockFileSet Type="BlockSrcs" Name="bram_video_memory_wauto_dauto_rdclk1_wrclk1"/>
  <BlockFileSet Type="BlockSrcs" Name="mathDSP"/>
  <BlockFileSet Type="BlockSrcs" Name="clk_vga_hdmi_800x600"/>
</GenRun>
